Crawled Date,List Position on Page,List Name,List Description,GPT Position in List,GPT Name,GPT Description,GPT Author,GPT Logo Image URL
"2024-04-11",1,"Featured","Curated top picks from this week",1,"ChatPRD","An on-demand Chief Product Officer that drafts and improves your PRDs, while coaching you to become an elite product manager.  The best product copilot for PMs & engineers. Visit üëâ chatprd.ai for pro features","By Claire V Lawless","https://files.oaiusercontent.com/file-qeVpUG3AJT0FINT4eZ6Gbt2q?se=2123-10-17T23%3A41%3A20Z&sp=r&sv=2021-08-06&sr=b&rscc=max-age%3D31536000%2C%20immutable&rscd=attachment%3B%20filename%3Dcvolawless_illustration_of_a_female_ceo_at_a_laptop_lo-fi_asthe_c60ce7fb-5902-474c-aa85-54c7469aa089.png&sig=eHU4/LmvHg96KaqivlhaLufaIleMC1wm3pE0kMQF1AA%3D"
"2024-04-11",1,"Featured","Curated top picks from this week",2,"Music Teacher","Regular ChatGPT isn't great at music theory and relative scales, so I trained Music Teacher to be an expert in all things music! Theory, scales, production, arrangement/composition, genres, VSTs, DAWs, piano, guitar, percussion, marketing and more! Also includes DALLE image generation for cover art.","By gryphonedm.com","https://files.oaiusercontent.com/file-gLZOuk6mmgg4vsCuhWxgQ2Cm?se=2123-12-13T21%3A57%3A04Z&sp=r&sv=2021-08-06&sr=b&rscc=max-age%3D1209600%2C%20immutable&rscd=attachment%3B%20filename%3D3e763913-0301-49ec-b2f0-c9ad832df862.png&sig=cCp02Ji5dcCxt0UPu92vrFgmZ8p1jwkqUYlYbR4IfoY%3D"
"2024-04-11",1,"Featured","Curated top picks from this week",3,"UX Design Mentor","I provide specific UX or Product Design feedback.","By community builder","https://files.oaiusercontent.com/file-Nz98JJBUj7rzXmJAyALeuV87?se=2123-10-16T04%3A49%3A04Z&sp=r&sv=2021-08-06&sr=b&rscc=max-age%3D31536000%2C%20immutable&rscd=attachment%3B%20filename%3D476c2153-1121-4e4c-ad3b-ea164ec21499.png&sig=8TkhKoq6xPQYcrXHiCzvp2SV0G9k3jMllTAy3fe30R8%3D"
"2024-04-11",1,"Featured","Curated top picks from this week",4,"Adobe Express","Stand out with Adobe Express. Quickly and easily make impactful social posts, images, videos, flyers, and more. Your use of Adobe Express GPT is acceptance of our terms of use (https://adobe.ly/legal) and privacy policy (https://adobe.ly/privacy)","By adobe.com","https://files.oaiusercontent.com/file-IlI6vrSO28C206NqM5KGUpkm?se=2124-02-24T04%3A01%3A24Z&sp=r&sv=2021-08-06&sr=b&rscc=max-age%3D1209600%2C%20immutable&rscd=attachment%3B%20filename%3DIMG_2132.jpg&sig=5/G9vp4SGYDV%2BJxQjU7JAeyiAuQJy/aWMWSwZ2TJNdI%3D"
"2024-04-11",2,"Trending","Most popular GPTs by our community",1,"image generator","A GPT specialized in generating and refining images with a mix of professional and friendly tone.image generator","By NAIF J ALOTAIBI","https://files.oaiusercontent.com/file-M1df4Ab7Ow6QCJ871tBUsi0x?se=2123-11-08T17%3A52%3A06Z&sp=r&sv=2021-08-06&sr=b&rscc=max-age%3D31536000%2C%20immutable&rscd=attachment%3B%20filename%3D40face33-c6ad-4a5d-b402-5f7126e8325f.png&sig=G9qnRNHbnnN1gnz2NzVSyjwWvQ6hrGjr%2Be7hbYgnjRs%3D"
"2024-04-11",2,"Trending","Most popular GPTs by our community",2,"Write For Me","Write tailored, engaging content with a focus on quality, relevance and precise word count.","By puzzle.today","https://files.oaiusercontent.com/file-hVjI65nZeCAowpoArhSWjynX?se=2123-10-24T11%3A26%3A42Z&sp=r&sv=2021-08-06&sr=b&rscc=max-age%3D31536000%2C%20immutable&rscd=attachment%3B%20filename%3Ded9312a8-bf37-4345-93bd-2e8b54bc2a89.png&sig=nw8OKVAhe0pqBOvG8jlopI5cQ2npVyuHjAjSpr%2BWKFo%3D"
"2024-04-11",2,"Trending","Most popular GPTs by our community",3,"Consensus","Your AI Research Assistant. Search 200M academic papers from Consensus, get science-based answers, and draft content with accurate citations.","By consensus.app","https://files.oaiusercontent.com/file-uUsDBz1ABhyOXkRiWhe5xohZ?se=2123-12-15T23%3A21%3A21Z&sp=r&sv=2021-08-06&sr=b&rscc=max-age%3D1209600%2C%20immutable&rscd=attachment%3B%20filename%3D2092%2520%25282%2529.png&sig=0CNjR0V7ipTUL/6R3rKszqP6mB25NOc2WjtIuDEwhrg%3D"
"2024-04-11",2,"Trending","Most popular GPTs by our community",4,"Scholar GPT","Enhance research with 200M+ resources and built-in critical reading skills. Access Google Scholar, PubMed, JSTOR, Arxiv, and more, effortlessly.","By awesomegpts.ai","https://files.oaiusercontent.com/file-gk3ACPm7Tvy5DHe5aE9fqJ0W?se=2123-12-19T11%3A10%3A14Z&sp=r&sv=2021-08-06&sr=b&rscc=max-age%3D1209600%2C%20immutable&rscd=attachment%3B%20filename%3DFrame%2520612.png&sig=dTPAPU4773Mz4PPaC6kCzsTf7ZiFgLSs/z3%2B3uGxkqY%3D"
"2024-04-11",2,"Trending","Most popular GPTs by our community",5,"Code Copilot","Code Smarter, Build Faster‚ÄîWith the Expertise of a 10x Programmer by Your Side.","By promptspellsmith.com","https://files.oaiusercontent.com/file-A1fyzei74duvIafmxdcfJzQY?se=2124-03-18T05%3A58%3A43Z&sp=r&sv=2021-08-06&sr=b&rscc=max-age%3D1209600%2C%20immutable&rscd=attachment%3B%20filename%3Dlogo.png&sig=sr5Bllcrma%2Bo1h/C26JvnRL8%2B5TLt7xJefmqhUHwb6A%3D"
"2024-04-11",2,"Trending","Most popular GPTs by our community",6,"Canva","Effortlessly design anything: presentations, logos, social media posts and more.","By canva.com","https://files.oaiusercontent.com/file-6qPLxHx8u9lf2XszRtWG25RD?se=2123-10-14T00%3A38%3A41Z&sp=r&sv=2021-08-06&sr=b&rscc=max-age%3D31536000%2C%20immutable&rscd=attachment%3B%20filename%3Dlogo.png&sig=LV3ZLlRkK4S61JLukf%2B10WLwU4%2B7%2B6NNkTLm2gsbw%2BU%3D"
"2024-04-11",2,"Trending","Most popular GPTs by our community",7,"Logo Creator","Use me to generate professional logo designs and app icons!","By Chase Lean","https://files.oaiusercontent.com/file-dqdS1PEGuFcQ1GliVE2qBchP?se=2123-10-17T09%3A45%3A51Z&sp=r&sv=2021-08-06&sr=b&rscc=max-age%3D31536000%2C%20immutable&rscd=attachment%3B%20filename%3D_7c6e5ee7-e05e-4685-bd8a-c3d81188ceb8.png&sig=0b5iWxPIKs//MVBoEqZ93ADvuWW%2BFlzsma%2BVtkKXYls%3D"
"2024-04-11",2,"Trending","Most popular GPTs by our community",8,"Adobe Express","Stand out with Adobe Express. Quickly and easily make impactful social posts, images, videos, flyers, and more. Your use of Adobe Express GPT is acceptance of our terms of use (https://adobe.ly/legal) and privacy policy (https://adobe.ly/privacy)","By adobe.com","https://files.oaiusercontent.com/file-IlI6vrSO28C206NqM5KGUpkm?se=2124-02-24T04%3A01%3A24Z&sp=r&sv=2021-08-06&sr=b&rscc=max-age%3D1209600%2C%20immutable&rscd=attachment%3B%20filename%3DIMG_2132.jpg&sig=5/G9vp4SGYDV%2BJxQjU7JAeyiAuQJy/aWMWSwZ2TJNdI%3D"
"2024-04-11",2,"Trending","Most popular GPTs by our community",9,"Humanizer Pro","#1 Humanizer in the market. This tool humanizes AI-generated content, maintaining content meaning and quality. Designed for writers & content creators. Currently supports only English.","By charlyaisolutions.com","https://files.oaiusercontent.com/file-B3J9SZ6f8uh21XyDgNJ236pg?se=2123-10-22T14%3A41%3A35Z&sp=r&sv=2021-08-06&sr=b&rscc=max-age%3D31536000%2C%20immutable&rscd=attachment%3B%20filename%3D579a0db4-4eef-4846-98f7-ff2979eb942e.webp&sig=xs2Th9HWsBkW5G60Vp90UmCc/QeGOrRXjF4XhcPHwhw%3D"
"2024-04-11",2,"Trending","Most popular GPTs by our community",10,"Photo Realistic GPT","Generate realistic images with text","By genigpt.net","https://files.oaiusercontent.com/file-GyjjbdHxR7sQT8c2ZfIMAIfw?se=2124-02-24T22%3A31%3A05Z&sp=r&sv=2021-08-06&sr=b&rscc=max-age%3D1209600%2C%20immutable&rscd=attachment%3B%20filename%3DIMG_7599.png&sig=He2JdpcLDBmkrJPeZQAeOnOQDgCPSnP2fmGpsRxW1eI%3D"
"2024-04-11",2,"Trending","Most popular GPTs by our community",11,"Cartoonize Yourself","Turns photos into their cartoon versions. Upload your photo to try","By karenxcheng.com","https://files.oaiusercontent.com/file-bUZE1j8Ld1SJq9wEeJDfRGuM?se=2123-11-03T02%3A43%3A43Z&sp=r&sv=2021-08-06&sr=b&rscc=max-age%3D31536000%2C%20immutable&rscd=attachment%3B%20filename%3D980728ef-7d57-4b4c-b0a5-dcf9e00676e9.png&sig=JT%2BynnJL4ai6H70cscNUpbO63WcvWtxZVZMFY2L3gag%3D"
"2024-04-11",2,"Trending","Most popular GPTs by our community",12,"Diagrams: Show Me","Create Diagrams, Architecture Visualisations, Flow-Charts, Mind Map, Schemes and more. Great for coding, presentations and code documentation. Export and Edit your diagram for free!","By helpful.dev","https://files.oaiusercontent.com/file-oZfvHmuEyjlshQ6c0XSpx45i?se=2123-10-29T17%3A22%3A28Z&sp=r&sv=2021-08-06&sr=b&rscc=max-age%3D31536000%2C%20immutable&rscd=attachment%3B%20filename%3Dicon-larger-margin.jpg&sig=SpFBbocELPtmU0NMVIXqk6yT3Q2vx4hAVwNaRlgT1vc%3D"
"2024-04-11",3,"By ChatGPT","GPTs created by the ChatGPT team",1,"DALL¬∑E","Let me turn your imagination into imagery.","By ChatGPT","https://files.oaiusercontent.com/file-SxYQO0Fq1ZkPagkFtg67DRVb?se=2123-10-12T23%3A57%3A32Z&sp=r&sv=2021-08-06&sr=b&rscc=max-age%3D31536000%2C%20immutable&rscd=attachment%3B%20filename%3Dagent_3.webp&sig=pLlQh8oUktqQzhM09SDDxn5aakqFuM2FAPptuA0mbqc%3D"
"2024-04-11",3,"By ChatGPT","GPTs created by the ChatGPT team",2,"Data Analyst","Drop in any files and I can help analyze and visualize your data.","By ChatGPT","https://files.oaiusercontent.com/file-id374Jq85g2WfDgpuOdAMTEk?se=2123-10-13T00%3A31%3A06Z&sp=r&sv=2021-08-06&sr=b&rscc=max-age%3D31536000%2C%20immutable&rscd=attachment%3B%20filename%3Dagent_2.png&sig=qFnFnFDVevdJL3xvtDE8vysDpTQmkSlF1zhYLAMiqmM%3D"
"2024-04-11",3,"By ChatGPT","GPTs created by the ChatGPT team",3,"Hot Mods","Let's modify your image into something really wild. Upload an image and let's go!","By ChatGPT","https://files.oaiusercontent.com/file-wOlP7l6RXZJ4YvZq3pUAqLOY?se=2123-10-13T04%3A59%3A43Z&sp=r&sv=2021-08-06&sr=b&rscc=max-age%3D31536000%2C%20immutable&rscd=attachment%3B%20filename%3DHotMods.png&sig=eayebboHdkASOIpNoSeDCqC9o5/XYCmjaV/oYy2%2BsmQ%3D"
"2024-04-11",3,"By ChatGPT","GPTs created by the ChatGPT team",4,"Creative Writing Coach","I'm eager to read your work  and give you feedback to improve your skills.","By ChatGPT","https://files.oaiusercontent.com/file-KSheuuQR8UjcxzFjjSfjfEOP?se=2123-10-13T00%3A52%3A56Z&sp=r&sv=2021-08-06&sr=b&rscc=max-age%3D31536000%2C%20immutable&rscd=attachment%3B%20filename%3Dcreative-writing.png&sig=MA3AFe4yhExdlgBje00y4%2BCLHpBkJ%2BUQKkiwknp46as%3D"
"2024-04-11",3,"By ChatGPT","GPTs created by the ChatGPT team",5,"Coloring Book Hero","Take any idea and turn it into whimsical coloring book pages.","By ChatGPT","https://files.oaiusercontent.com/file-MQvRHYzyhxlHQxjUk1bOIjaO?se=2123-10-13T17%3A23%3A32Z&sp=r&sv=2021-08-06&sr=b&rscc=max-age%3D31536000%2C%20immutable&rscd=attachment%3B%20filename%3DDALL%25C2%25B7E%25202023-10-08%252020.15.58%2520-%2520Line%2520art%2520depiction%2520of%2520ghost%2520squids%2520hovering%2520near%2520an%2520underwater%2520shipwreck.%2520Clownfish%2520wear%2520phantom%2520masks%252C%2520and%2520turtles%2520have%2520Dracula%2520capes.%2520The%2520compositio.png&sig=e5MMoyC9BRd0ui7hfDfueOH%2Bp2Lwyss24d1ahnZhHCQ%3D"
"2024-04-11",3,"By ChatGPT","GPTs created by the ChatGPT team",6,"Planty","I'm Planty, your fun and friendly plant care assistant! Ask me how to best take care of your plants.","By ChatGPT","https://files.oaiusercontent.com/file-mQg3Ip5yicSVcDciY7kPxnIc?se=2123-12-15T16%3A38%3A45Z&sp=r&sv=2021-08-06&sr=b&rscc=max-age%3D1209600%2C%20immutable&rscd=attachment%3B%20filename%3Dcf523198-c20a-4ca3-b18e-311bdcdd7127.png&sig=AknbZzhED5Wdtae6OAchwn5eBrCrQDTs/wu/M3jfBjU%3D"
"2024-04-11",3,"By ChatGPT","GPTs created by the ChatGPT team",7,"ChatGPT Classic","The latest version of GPT-4 with no additional capabilities.","By ChatGPT","https://files.oaiusercontent.com/file-i9IUxiJyRubSIOooY5XyfcmP?se=2123-10-13T01%3A11%3A31Z&sp=r&sv=2021-08-06&sr=b&rscc=max-age%3D31536000%2C%20immutable&rscd=attachment%3B%20filename%3Dgpt-4.jpg&sig=ZZP%2B7IWlgVpHrIdhD1C9wZqIvEPkTLfMIjx4PFezhfE%3D"
"2024-04-11",3,"By ChatGPT","GPTs created by the ChatGPT team",8,"Web Browser","I can browse the web to help you gather information or conduct research","By ChatGPT","https://files.oaiusercontent.com/file-3t4EXPvrgqocPOe7UtRwV5g0?se=2123-10-08T02%3A41%3A51Z&sp=r&sv=2021-08-06&sr=b&rscc=max-age%3D31536000%2C%20immutable&rscd=attachment%3B%20filename%3Dagent_1.png&sig=7Brxlagrbu8xb9dnLNJZzmKl24D8mgWo6yHeGgXGT%2B8%3D"
"2024-04-11",3,"By ChatGPT","GPTs created by the ChatGPT team",9,"Game Time","I can quickly explain board games  or card games to players of any age. Let the games begin!","By ChatGPT","https://files.oaiusercontent.com/file-JxYoHzuJQ2TXHBYy6UGC4Xs8?se=2123-10-13T00%3A46%3A49Z&sp=r&sv=2021-08-06&sr=b&rscc=max-age%3D31536000%2C%20immutable&rscd=attachment%3B%20filename%3Dc0bba883-a507-42dd-acfd-211509efd97c.png&sig=jZeFDXgC4ZbNC8mVNuQK7zeKS7ssRCh5QTlqa81WJEM%3D"
"2024-04-11",3,"By ChatGPT","GPTs created by the ChatGPT team",10,"The Negotiator","I'll help you advocate for yourself  and get better outcomes. Become a great negotiator.","By ChatGPT","https://files.oaiusercontent.com/file-MjvVb8L9Se5PdSC1gMLopCHh?se=2123-10-13T00%3A50%3A51Z&sp=r&sv=2021-08-06&sr=b&rscc=max-age%3D31536000%2C%20immutable&rscd=attachment%3B%20filename%3Dnegotiator.png&sig=GDq28k4lIHIZbvXfm9PjQerwO1kGUnkNn6a5aQD/7/M%3D"
"2024-04-11",3,"By ChatGPT","GPTs created by the ChatGPT team",11,"Cosmic Dream","Visionary painter of digital wonder.","By ChatGPT","https://files.oaiusercontent.com/file-M12eDkWHmobmgj5mhcWkMMVI?se=2123-10-13T07%3A48%3A21Z&sp=r&sv=2021-08-06&sr=b&rscc=max-age%3D31536000%2C%20immutable&rscd=attachment%3B%20filename%3D28de0bdd-4c74-45a4-8d52-0fac85aea31a.png&sig=KdG%2BVt6/480jvqtjdwa4DulLX7BRqVN6FQfuuS9QaVI%3D"
"2024-04-11",3,"By ChatGPT","GPTs created by the ChatGPT team",12,"Tech Support Advisor","From setting up a printer to troubleshooting a device, I‚Äôm here to help you step-by-step.","By ChatGPT","https://files.oaiusercontent.com/file-soqNFMszjoxK9d3BFD3rAGA5?se=2123-10-13T00%3A53%3A58Z&sp=r&sv=2021-08-06&sr=b&rscc=max-age%3D31536000%2C%20immutable&rscd=attachment%3B%20filename%3DTechSupport.jpg&sig=ztG5CVAIZeK5/C/wQkWdewTJVlXtRmmSRd5Z7XRsJ04%3D"
"2024-04-11",3,"By ChatGPT","GPTs created by the ChatGPT team",13,"Laundry Buddy","Ask me anything about stains,  settings, sorting and everything  laundry.","By ChatGPT","https://files.oaiusercontent.com/file-A2WHofOnsYQ8FF6nnlvOVXCv?se=2123-10-13T00%3A55%3A09Z&sp=r&sv=2021-08-06&sr=b&rscc=max-age%3D31536000%2C%20immutable&rscd=attachment%3B%20filename%3Dlaundry-buddy.png&sig=dKwxpIQ1PTMFGHqg72Yipf8HYFr8O2hmyu93VskBalM%3D"
"2024-04-11",3,"By ChatGPT","GPTs created by the ChatGPT team",14,"Sous Chef","I‚Äôll give you recipes based on the foods you love and ingredients you have.","By ChatGPT","https://files.oaiusercontent.com/file-w4J3XQ5bnIbssMVHKXZskSJB?se=2123-10-13T00%3A56%3A45Z&sp=r&sv=2021-08-06&sr=b&rscc=max-age%3D31536000%2C%20immutable&rscd=attachment%3B%20filename%3DSousChef.jpg&sig=0SOuTgsd12ovY7zAHHfi84iLDi4wTFI0Qf%2Bv8nA%2B9No%3D"
"2024-04-11",3,"By ChatGPT","GPTs created by the ChatGPT team",15,"Math Mentor","I help parents help their kids with  math. Need a 9pm refresher on  geometry proofs? I‚Äôm here for you.","By ChatGPT","https://files.oaiusercontent.com/file-vRLKTttMrbx27eEJWEBVKJwt?se=2123-10-13T01%3A00%3A21Z&sp=r&sv=2021-08-06&sr=b&rscc=max-age%3D31536000%2C%20immutable&rscd=attachment%3B%20filename%3Dmath-mentor.png&sig=%2BS1FfwRE0ifFpK2QDAHtVLhsRzIBoFs/jqcjILyGYt8%3D"
"2024-04-11",3,"By ChatGPT","GPTs created by the ChatGPT team",16,"Mocktail Mixologist","I‚Äôll make any party a blast with mocktail recipes with whatever ingredients you have on hand.","By ChatGPT","https://files.oaiusercontent.com/file-bRpq5C5YwRMtQGO7xFa3nT40?se=2123-10-13T19%3A41%3A29Z&sp=r&sv=2021-08-06&sr=b&rscc=max-age%3D31536000%2C%20immutable&rscd=attachment%3B%20filename%3Dmocktails.png&sig=8us63D/Hx%2BsAn8u99rsbW5BoihTQQD1eP/jFb6C1KNs%3D"
"2024-04-11",3,"By ChatGPT","GPTs created by the ChatGPT team",17,"genz 4 meme","i help u understand the lingo & the latest memes.","By ChatGPT","https://files.oaiusercontent.com/file-m64BWxDs6cs9o6xYn33ujZe1?se=2123-10-13T21%3A41%3A58Z&sp=r&sv=2021-08-06&sr=b&rscc=max-age%3D31536000%2C%20immutable&rscd=attachment%3B%20filename%3D90ba2a5d-c6c8-4e78-8937-12afc91047b8.png&sig=9tkbKzmgTgbTqOqYfNbilDh5yIsgYw/DYCi95iEd3p0%3D"
"2024-04-11",4,"DALL¬∑E","Transform your ideas into amazing images",1,"image generator","A GPT specialized in generating and refining images with a mix of professional and friendly tone.image generator","By NAIF J ALOTAIBI","https://files.oaiusercontent.com/file-M1df4Ab7Ow6QCJ871tBUsi0x?se=2123-11-08T17%3A52%3A06Z&sp=r&sv=2021-08-06&sr=b&rscc=max-age%3D31536000%2C%20immutable&rscd=attachment%3B%20filename%3D40face33-c6ad-4a5d-b402-5f7126e8325f.png&sig=G9qnRNHbnnN1gnz2NzVSyjwWvQ6hrGjr%2Be7hbYgnjRs%3D"
"2024-04-11",4,"DALL¬∑E","Transform your ideas into amazing images",2,"Logo Creator","Use me to generate professional logo designs and app icons!","By Chase Lean","https://files.oaiusercontent.com/file-dqdS1PEGuFcQ1GliVE2qBchP?se=2123-10-17T09%3A45%3A51Z&sp=r&sv=2021-08-06&sr=b&rscc=max-age%3D31536000%2C%20immutable&rscd=attachment%3B%20filename%3D_7c6e5ee7-e05e-4685-bd8a-c3d81188ceb8.png&sig=0b5iWxPIKs//MVBoEqZ93ADvuWW%2BFlzsma%2BVtkKXYls%3D"
"2024-04-11",4,"DALL¬∑E","Transform your ideas into amazing images",3,"Photo Realistic GPT","Generate realistic images with text","By genigpt.net","https://files.oaiusercontent.com/file-GyjjbdHxR7sQT8c2ZfIMAIfw?se=2124-02-24T22%3A31%3A05Z&sp=r&sv=2021-08-06&sr=b&rscc=max-age%3D1209600%2C%20immutable&rscd=attachment%3B%20filename%3DIMG_7599.png&sig=He2JdpcLDBmkrJPeZQAeOnOQDgCPSnP2fmGpsRxW1eI%3D"
"2024-04-11",4,"DALL¬∑E","Transform your ideas into amazing images",4,"Cartoonize Yourself","Turns photos into their cartoon versions. Upload your photo to try","By karenxcheng.com","https://files.oaiusercontent.com/file-bUZE1j8Ld1SJq9wEeJDfRGuM?se=2123-11-03T02%3A43%3A43Z&sp=r&sv=2021-08-06&sr=b&rscc=max-age%3D31536000%2C%20immutable&rscd=attachment%3B%20filename%3D980728ef-7d57-4b4c-b0a5-dcf9e00676e9.png&sig=JT%2BynnJL4ai6H70cscNUpbO63WcvWtxZVZMFY2L3gag%3D"
"2024-04-11",4,"DALL¬∑E","Transform your ideas into amazing images",5,"Video Maker","Friendly video creator with animation effects","By changeblogger.org","https://files.oaiusercontent.com/file-9ki8WhRhSxU7ScmbBPaw8wQV?se=2123-10-27T23%3A49%3A11Z&sp=r&sv=2021-08-06&sr=b&rscc=max-age%3D31536000%2C%20immutable&rscd=attachment%3B%20filename%3Df35efe32-a9c5-48af-9bbd-dd68b842139f.png&sig=BCOPeMRfK/6CjCnpobbvOG8oLeok%2B9qHQ1Sm4ZVRm7Q%3D"
"2024-04-11",4,"DALL¬∑E","Transform your ideas into amazing images",6,"LOGO","Senior brand LOGO design expert, 20 years of brand LOGO design experience, designer material feeding training","By logogpts.cn","https://files.oaiusercontent.com/file-lvZdHWZGgQwvsX1a7z6jDqjp?se=2123-10-24T06%3A40%3A10Z&sp=r&sv=2021-08-06&sr=b&rscc=max-age%3D31536000%2C%20immutable&rscd=attachment%3B%20filename%3D001.jpg&sig=TiSo//G1KZ6wuBgQEpI2kzsvwxZ3R8HRIWZEFGabBi4%3D"
"2024-04-11",4,"DALL¬∑E","Transform your ideas into amazing images",7,"Super Describe","Upload any image to get a similar one using DALL¬∑E 3 along with the detailed prompt!","By bestaiprompts.art","https://files.oaiusercontent.com/file-wSYkolaw1qEQ3s5gA0Z9i0x8?se=2123-10-20T17%3A29%3A43Z&sp=r&sv=2021-08-06&sr=b&rscc=max-age%3D31536000%2C%20immutable&rscd=attachment%3B%20filename%3D5bb5263b-c53b-4ac2-8bf5-0d4d5eb2f246.png&sig=2u8YEYxkfBBfVNFE2qicuaNpJkyCf9J7tqMzhHZKHHE%3D"
"2024-04-11",4,"DALL¬∑E","Transform your ideas into amazing images",8,"Glibatree Art Designer","Art Generation Made Easy! This GPT will fill in details about your idea and make four images, each better than you imagined.","By glibatree.com","https://files.oaiusercontent.com/file-2s8d93PGClqsJb4QuOGNXUxM?se=2123-12-20T04%3A00%3A23Z&sp=r&sv=2021-08-06&sr=b&rscc=max-age%3D1209600%2C%20immutable&rscd=attachment%3B%20filename%3DGlibatree2.png&sig=LS3Y7mkUb3stlknWeYTNXUNy/1Horhe%2BjuwYOZiApvI%3D"
"2024-04-11",4,"DALL¬∑E","Transform your ideas into amazing images",9,"Consistent Character GPTüëâüèº Fast & High Quality‚ö°Ô∏è","Your creative partner for generating characters in different poses, expressions, and scenes. No prompt needed, just start with 'CLICK HERE' and follow the steps.","By Sachin Kamath","https://files.oaiusercontent.com/file-yUZ6QSWZ2ZNFL0kOmPkvBWiS?se=2124-02-01T23%3A41%3A15Z&sp=r&sv=2021-08-06&sr=b&rscc=max-age%3D1209600%2C%20immutable&rscd=attachment%3B%20filename%3DFlawless%2520Consistent%2520Characters%2520GPT%2520by%2520AI%2520Lemon%2520Academy%2520%25285%2529.png&sig=GDc4pJsFdYUFyOlH7NC8KqYTMTpuJuNie12qqgX8c8g%3D"
"2024-04-11",4,"DALL¬∑E","Transform your ideas into amazing images",10,"Drawn to Style","I creatively transform drawings and pictures into different artistic styles.","By UMESH N","https://files.oaiusercontent.com/file-gP54nvFyK44hooUEvYMhJciy?se=2123-10-16T22%3A11%3A38Z&sp=r&sv=2021-08-06&sr=b&rscc=max-age%3D31536000%2C%20immutable&rscd=attachment%3B%20filename%3Dd0377191-2a44-4506-b90a-0e0f03465c0a.png&sig=%2BzFFaYI2Vkq5a/uJSvfamk5XER8EVlYeKQy0qn4lqCs%3D"
"2024-04-11",4,"DALL¬∑E","Transform your ideas into amazing images",11,"Tattoo GPT","Tattoo GPT designs your tattoo. It assists you in refining your tattoo ideas, suggests designs, generates visual previews of the designs, and offers customization options. It recommends tattoo artists or studios and provides aftercare advice.","By Michael Moncada","https://files.oaiusercontent.com/file-5gbnQcPkuruwkwHjP2ptHmuT?se=2123-10-17T16%3A34%3A29Z&sp=r&sv=2021-08-06&sr=b&rscc=max-age%3D31536000%2C%20immutable&rscd=attachment%3B%20filename%3Dtattoo%2520gpt.webp&sig=yP9JXK8Sd9nZUp7heSabe4%2BkryFN57%2BEJiDrIet/Vps%3D"
"2024-04-11",4,"DALL¬∑E","Transform your ideas into amazing images",12,"Mid Journey V6 Prompt Creator","Over 20 hours of training went into developing the BEST Midjourney V6 image prompt creator tool on the planet...","By jandthebots.com","https://files.oaiusercontent.com/file-tjD7Jql9nC8FmJsK7yzY51Bv?se=2123-12-15T13%3A11%3A24Z&sp=r&sv=2021-08-06&sr=b&rscc=max-age%3D1209600%2C%20immutable&rscd=attachment%3B%20filename%3Dpeace.good.vibes.only_a_logo_for_a_AI_art_tool_with_a_logo_that_7cfb6158-a13b-46a9-9e41-c93087a1cb36.png&sig=Otz5YOeDB876CJy0VigLOfo7GCceUXWqnpGLi/fKUPM%3D"
"2024-04-11",5,"Writing","Enhance your writing with tools for creation, editing, and style refinement",1,"Write For Me","Write tailored, engaging content with a focus on quality, relevance and precise word count.","By puzzle.today","https://files.oaiusercontent.com/file-hVjI65nZeCAowpoArhSWjynX?se=2123-10-24T11%3A26%3A42Z&sp=r&sv=2021-08-06&sr=b&rscc=max-age%3D31536000%2C%20immutable&rscd=attachment%3B%20filename%3Ded9312a8-bf37-4345-93bd-2e8b54bc2a89.png&sig=nw8OKVAhe0pqBOvG8jlopI5cQ2npVyuHjAjSpr%2BWKFo%3D"
"2024-04-11",5,"Writing","Enhance your writing with tools for creation, editing, and style refinement",2,"Humanizer Pro","#1 Humanizer in the market. This tool humanizes AI-generated content, maintaining content meaning and quality. Designed for writers & content creators. Currently supports only English.","By charlyaisolutions.com","https://files.oaiusercontent.com/file-B3J9SZ6f8uh21XyDgNJ236pg?se=2123-10-22T14%3A41%3A35Z&sp=r&sv=2021-08-06&sr=b&rscc=max-age%3D31536000%2C%20immutable&rscd=attachment%3B%20filename%3D579a0db4-4eef-4846-98f7-ff2979eb942e.webp&sig=xs2Th9HWsBkW5G60Vp90UmCc/QeGOrRXjF4XhcPHwhw%3D"
"2024-04-11",5,"Writing","Enhance your writing with tools for creation, editing, and style refinement",3,"AI Humanizer Pro","Best AI humanizer to help you get 100% human score. Humanize your AI-generated content to bypass AI detection. Use our advanced humanizer to get past all AI detectors in the market.","By bypassgpt.ai","https://files.oaiusercontent.com/file-9P5nlYHHRNrE0IFT1WqMEHfB?se=2123-12-31T09%3A45%3A35Z&sp=r&sv=2021-08-06&sr=b&rscc=max-age%3D1209600%2C%20immutable&rscd=attachment%3B%20filename%3DBypass%2520GPT.png&sig=UduBsGC57CSjWsMA%2BEPuf7jYougMcNhQEveOnchw%2B2k%3D"
"2024-04-11",5,"Writing","Enhance your writing with tools for creation, editing, and style refinement",4,"Essay Writer üòé","üöÄ Your AI Essay Writer üìù: Top-notch, plagiarism-free essays with a click. Say goodbye to writer's block and hello to creativity! üí° by essaypro.com","By essaypro.com","https://files.oaiusercontent.com/file-qcz1yfeByNW2imXe24mwYB2g?se=2123-10-18T12%3A02%3A20Z&sp=r&sv=2021-08-06&sr=b&rscc=max-age%3D31536000%2C%20immutable&rscd=attachment%3B%20filename%3Dae8d6fb8-f64a-48c8-892d-2328f681a7dd.png&sig=gGIahcawX7rO2H2e4GYyZB2MOyVeef%2B1W1tJx/6SHMU%3D"
"2024-04-11",5,"Writing","Enhance your writing with tools for creation, editing, and style refinement",5,"Text to Video Maker","The Assistant helps you create high-quality video prompts by easily utilizing InVideo technology By Mr Sora","By Sora","https://files.oaiusercontent.com/file-j02C1uoBiifmlELAzolzHqVT?se=2124-02-16T04%3A28%3A44Z&sp=r&sv=2021-08-06&sr=b&rscc=max-age%3D1209600%2C%20immutable&rscd=attachment%3B%20filename%3Da7357e95-b2fd-4c2d-88bd-34fd4613ca3d.png&sig=IE5lE4mnYQVkt4I9a0oSs%2ByTIj1FGoW56ZZlGkIY3CE%3D"
"2024-04-11",5,"Writing","Enhance your writing with tools for creation, editing, and style refinement",6,"Copywriter GPT - Marketing, Branding, Ads","Your innovative partner for viral ad copywriting! Dive into viral marketing strategies fine-tuned to your needs! Latest Updates: 1) Email & Google Ads platforms support, 2) Optional Text Humanize & SEO-Optimization","By adrianlab.com","https://files.oaiusercontent.com/file-cWyDLFKrMBavarfSEvh0r9MB?se=2123-10-22T07%3A09%3A04Z&sp=r&sv=2021-08-06&sr=b&rscc=max-age%3D31536000%2C%20immutable&rscd=attachment%3B%20filename%3D107a1703-3936-4342-963c-73716527e277.png&sig=jDgRH4S1fl35PNEB1p2Z7o4vbNr0pXN77A7dd842M1k%3D"
"2024-04-11",5,"Writing","Enhance your writing with tools for creation, editing, and style refinement",7,"Humanize AI","Top 1 AI humanizer to help you get 100% human score. Humanize your AI-generated content for free.","By gptinf.com","https://files.oaiusercontent.com/file-G2dq0SJV4pOuJSWG4bM9v2XJ?se=2124-01-23T14%3A23%3A39Z&sp=r&sv=2021-08-06&sr=b&rscc=max-age%3D1209600%2C%20immutable&rscd=attachment%3B%20filename%3DLogo%25208%2520%25282%2529.png&sig=2VfeOhvG3iM7/kTDVsS7A0qQWpOqKL51uazTStkcyKE%3D"
"2024-04-11",5,"Writing","Enhance your writing with tools for creation, editing, and style refinement",8,"Book Creator Guide","A writing assistant specializing in book creation, web research, and format recommendations.","By Choi Yong","https://files.oaiusercontent.com/file-QDv14Pkaw2Q5LPiYRqb8tSan?se=2123-10-18T00%3A49%3A39Z&sp=r&sv=2021-08-06&sr=b&rscc=max-age%3D31536000%2C%20immutable&rscd=attachment%3B%20filename%3D3efca56e-e967-4f56-8a67-f7fc3700837f.png&sig=2Ok%2BcQYxMGyPWf7AFAl50OsLU9QlSeo/zbFGhUue2Xk%3D"
"2024-04-11",5,"Writing","Enhance your writing with tools for creation, editing, and style refinement",9,"CV Writer - the CV Expert","Expert in crafting personalised, professional and humanized CVs optimised for ATS (Applicant Tracking System) - Upload a CV as a Word document or in plain text to get started - Ver. 1.2.1 - updated 12/03/24","By C elberg","https://files.oaiusercontent.com/file-wURhV2AxBD0U1qhfYS5bib3u?se=2123-12-30T03%3A18%3A01Z&sp=r&sv=2021-08-06&sr=b&rscc=max-age%3D1209600%2C%20immutable&rscd=attachment%3B%20filename%3DCapture.JPG&sig=eZDt481rjBb3BFu45yneHiVmwEA979bgAsJoaaaSPjI%3D"
"2024-04-11",5,"Writing","Enhance your writing with tools for creation, editing, and style refinement",10,"Fully SEO Optimized Article including FAQ's","Create a 100% Unique and SEO Optimized Article | Plagiarism Free Content with | Title | Meta Description | Headings with Proper H1-H6 Tags | up to 1500+ Words Article with FAQs, and Conclusion.","By Muhammad Talha","https://files.oaiusercontent.com/file-9FJw9NckvXfmBgxuhJQBTok7?se=2123-10-26T10%3A42%3A46Z&sp=r&sv=2021-08-06&sr=b&rscc=max-age%3D31536000%2C%20immutable&rscd=attachment%3B%20filename%3D4f1cb97d-65f2-4da2-9f15-7ccaed91260d.png&sig=%2BGRlPVIKfj/KCzzuBEdkwnVyDVK8w/gRaVscTrY9xOk%3D"
"2024-04-11",5,"Writing","Enhance your writing with tools for creation, editing, and style refinement",11,"Cover Letter","Boost interviews with compelling cover letters tailored to job applications  - simple, quick, effective.","By masterinterview.ai","https://files.oaiusercontent.com/file-9itEgFrCozgJhvGbQEvHrwZ7?se=2123-12-31T05%3A42%3A42Z&sp=r&sv=2021-08-06&sr=b&rscc=max-age%3D1209600%2C%20immutable&rscd=attachment%3B%20filename%3Dcover-letter%2520%25281%2529.png&sig=w6OG6GZdSoWyvLE32Oa9ryLS51nq7opSw8FsdcaiEYE%3D"
"2024-04-11",5,"Writing","Enhance your writing with tools for creation, editing, and style refinement",12,"Blog Expert","SEO blog content creator with expertise in keyword optimization and engaging writing.","By Faisal Binateeq","https://files.oaiusercontent.com/file-1Eh7A79o1yuLdC6OrA20Xd9g?se=2123-10-16T06%3A36%3A51Z&sp=r&sv=2021-08-06&sr=b&rscc=max-age%3D31536000%2C%20immutable&rscd=attachment%3B%20filename%3D4f7c6083-6745-4890-840e-67624e07705e.png&sig=rYRNzKfuG38RTpp5wxY6j1iyLiPYQK0yGIBp8jrabZw%3D"
"2024-04-11",6,"Productivity","Increase your efficiency",1,"Canva","Effortlessly design anything: presentations, logos, social media posts and more.","By canva.com","https://files.oaiusercontent.com/file-6qPLxHx8u9lf2XszRtWG25RD?se=2123-10-14T00%3A38%3A41Z&sp=r&sv=2021-08-06&sr=b&rscc=max-age%3D31536000%2C%20immutable&rscd=attachment%3B%20filename%3Dlogo.png&sig=LV3ZLlRkK4S61JLukf%2B10WLwU4%2B7%2B6NNkTLm2gsbw%2BU%3D"
"2024-04-11",6,"Productivity","Increase your efficiency",2,"Adobe Express","Stand out with Adobe Express. Quickly and easily make impactful social posts, images, videos, flyers, and more. Your use of Adobe Express GPT is acceptance of our terms of use (https://adobe.ly/legal) and privacy policy (https://adobe.ly/privacy)","By adobe.com","https://files.oaiusercontent.com/file-IlI6vrSO28C206NqM5KGUpkm?se=2124-02-24T04%3A01%3A24Z&sp=r&sv=2021-08-06&sr=b&rscc=max-age%3D1209600%2C%20immutable&rscd=attachment%3B%20filename%3DIMG_2132.jpg&sig=5/G9vp4SGYDV%2BJxQjU7JAeyiAuQJy/aWMWSwZ2TJNdI%3D"
"2024-04-11",6,"Productivity","Increase your efficiency",3,"Diagrams: Show Me","Create Diagrams, Architecture Visualisations, Flow-Charts, Mind Map, Schemes and more. Great for coding, presentations and code documentation. Export and Edit your diagram for free!","By helpful.dev","https://files.oaiusercontent.com/file-oZfvHmuEyjlshQ6c0XSpx45i?se=2123-10-29T17%3A22%3A28Z&sp=r&sv=2021-08-06&sr=b&rscc=max-age%3D31536000%2C%20immutable&rscd=attachment%3B%20filename%3Dicon-larger-margin.jpg&sig=SpFBbocELPtmU0NMVIXqk6yT3Q2vx4hAVwNaRlgT1vc%3D"
"2024-04-11",6,"Productivity","Increase your efficiency",4,"PDF Ai PDF","Securely store and chat with ALL your PDFs for FREE, no matter the size. Free Chrome extension to save your GPT chats. Pro features include: folder search, OCR, quick summaries,  and more. Boost your document productivity today!","By myaidrive.com","https://files.oaiusercontent.com/file-9XepYndxfvemsnkdZ6cnT5em?se=2123-10-13T20%3A40%3A38Z&sp=r&sv=2021-08-06&sr=b&rscc=max-age%3D31536000%2C%20immutable&rscd=attachment%3B%20filename%3Dlogo.png&sig=iLNHnnlyyia9R%2BqHCe3A09us9866vp3s4byPzVRT7qo%3D"
"2024-04-11",6,"Productivity","Increase your efficiency",5,"WebPilot","Search, Browse, Write & Agent. Action & API Offering","By gpts.webpilot.ai","https://files.oaiusercontent.com/file-WCpXavrnVzievanNCKCQBSHC?se=2123-12-25T04%3A39%3A21Z&sp=r&sv=2021-08-06&sr=b&rscc=max-age%3D1209600%2C%20immutable&rscd=attachment%3B%20filename%3DWebPilot_Logo.jpg&sig=srB2//6MMMj0T%2BNRuDljzYjCsYYMngBRcaSN%2BpX6tIs%3D"
"2024-04-11",6,"Productivity","Increase your efficiency",6,"Video GPT by VEED","AI Video Maker. Generate videos for social media - YouTube, Instagram, TikTok and more! Free text to video & speech tool with AI Avatars, TTS, music, and stock footage.","By veed.io","https://files.oaiusercontent.com/file-SlTJOEwrBwlAnMgwOzlWyFUp?se=2123-12-29T14%3A58%3A36Z&sp=r&sv=2021-08-06&sr=b&rscc=max-age%3D1209600%2C%20immutable&rscd=attachment%3B%20filename%3Dai%2520text%2520to%2520video%2520for%2520social%2520media.png&sig=81ayZwF3xkQIU9h5SLyC2Dfka1emcCCu8814lHfXhjc%3D"
"2024-04-11",6,"Productivity","Increase your efficiency",7,"Excel GPT","The worlds most powerful Excel assistant.","By pulsr.co.uk","https://files.oaiusercontent.com/file-9hWFxEet5Ddsg7Kszsy9Mf6Q?se=2124-02-19T12%3A24%3A26Z&sp=r&sv=2021-08-06&sr=b&rscc=max-age%3D1209600%2C%20immutable&rscd=attachment%3B%20filename%3Dnew%2520excel2.png&sig=pnJ7M/bTAFI7fv/SNVzCdo1LLcHJ7oKT/EbKXrm1OL0%3D"
"2024-04-11",6,"Productivity","Increase your efficiency",8,"Whimsical Diagrams","Explains and visualizes concepts with flowcharts, mindmaps and sequence diagrams.","By whimsical.com","https://files.oaiusercontent.com/file-w1wRg58ZPtZgXXTQJqiEwJ4H?se=2124-01-06T16%3A22%3A56Z&sp=r&sv=2021-08-06&sr=b&rscc=max-age%3D1209600%2C%20immutable&rscd=attachment%3B%20filename%3DWhite%2520Icon%2520on%2520Gradient%2520SQ%25402x.png&sig=9eaJvzM4CZfWuo08Mik5OfaxwqRbEfZl0J333af9dRo%3D"
"2024-04-11",6,"Productivity","Increase your efficiency",9,"Slide Maker","Prompt to create PowerPoint presentations. Supports creating 20+ slide presentations. Can read links to web pages, Google Drive, OneDrive, and more to fetch content.","By aidocmaker.com","https://files.oaiusercontent.com/file-7wucSlKrcCoipKRoTaxydYsv?se=2123-10-18T01%3A57%3A11Z&sp=r&sv=2021-08-06&sr=b&rscc=max-age%3D31536000%2C%20immutable&rscd=attachment%3B%20filename%3Dlogo.png&sig=b8skgReALrhw4frzasMMf/5yY148%2B5pjmi9YtngLHkA%3D"
"2024-04-11",6,"Productivity","Increase your efficiency",10,"Video Maker","4.2 ‚òÖ - Make engaging videos with voiceovers with this Video GPT!","By invideo AI","https://files.oaiusercontent.com/file-Y5VfZYtGbbkXhPTzqGn8mhGW?se=2123-12-24T13%3A42%3A16Z&sp=r&sv=2021-08-06&sr=b&rscc=max-age%3D1209600%2C%20immutable&rscd=attachment%3B%20filename%3DVideoMaker-blue%25402x.png&sig=m4ZiA/1bZnp56z2D3IlEnQkwD3NlK2E333ss%2B%2B7Y16w%3D"
"2024-04-11",6,"Productivity","Increase your efficiency",11,"Resume","By combining the expertise of top resume writers with advanced AI, we assist in diagnosing and enhancing your resume | ATS Compatible | Tailor Your Resume for a Specific Job | We value your experience, please contact support@jobright.ai if you need support‚ù§Ô∏è!","By jobright.ai","https://files.oaiusercontent.com/file-0tpK8Pe8mMuE8HB8KKPcyoRn?se=2123-12-21T20%3A47%3A14Z&sp=r&sv=2021-08-06&sr=b&rscc=max-age%3D1209600%2C%20immutable&rscd=attachment%3B%20filename%3DScreenshot%25202024-01-14%2520at%252012.33.34%25E2%2580%25AFPM.png&sig=xiF%2Bmn%2B4uHhqgzWNSOA8F0aMnaxWguZ%2BsMb%2Bj1NYwFc%3D"
"2024-04-11",6,"Productivity","Increase your efficiency",12,"Presentation and Slides GPT","Powerful PowerPoint presentations.  Exports to PowerPoint, Google Slides and PDF.","By slidesgpt.com","https://files.oaiusercontent.com/file-6TyCCqTzvhRRW8Bhojq4w3px?se=2124-03-03T11%3A56%3A54Z&sp=r&sv=2021-08-06&sr=b&rscc=max-age%3D1209600%2C%20immutable&rscd=attachment%3B%20filename%3D1ba530c8-520e-41b3-9ea0-4d1e51ae9bd6.png&sig=/gOpSGqMq3ajMSbJr753xumMNLOD9ajkDhmCSkvvAX4%3D"
"2024-04-11",7,"Research & Analysis","Find, evaluate, interpret, and visualize information",1,"Consensus","Your AI Research Assistant. Search 200M academic papers from Consensus, get science-based answers, and draft content with accurate citations.","By consensus.app","https://files.oaiusercontent.com/file-uUsDBz1ABhyOXkRiWhe5xohZ?se=2123-12-15T23%3A21%3A21Z&sp=r&sv=2021-08-06&sr=b&rscc=max-age%3D1209600%2C%20immutable&rscd=attachment%3B%20filename%3D2092%2520%25282%2529.png&sig=0CNjR0V7ipTUL/6R3rKszqP6mB25NOc2WjtIuDEwhrg%3D"
"2024-04-11",7,"Research & Analysis","Find, evaluate, interpret, and visualize information",2,"Scholar GPT","Enhance research with 200M+ resources and built-in critical reading skills. Access Google Scholar, PubMed, JSTOR, Arxiv, and more, effortlessly.","By awesomegpts.ai","https://files.oaiusercontent.com/file-gk3ACPm7Tvy5DHe5aE9fqJ0W?se=2123-12-19T11%3A10%3A14Z&sp=r&sv=2021-08-06&sr=b&rscc=max-age%3D1209600%2C%20immutable&rscd=attachment%3B%20filename%3DFrame%2520612.png&sig=dTPAPU4773Mz4PPaC6kCzsTf7ZiFgLSs/z3%2B3uGxkqY%3D"
"2024-04-11",7,"Research & Analysis","Find, evaluate, interpret, and visualize information",3,"Scholar AI","AI Scientist - search and analyze text, figures, and tables from 200M+ research papers and books to generate new hypotheses. Formerly the ScholarAI Plugin","By scholarai.io","https://files.oaiusercontent.com/file-PPto6IuVRN3OQY2WC1gLEI9h?se=2123-12-17T06%3A07%3A04Z&sp=r&sv=2021-08-06&sr=b&rscc=max-age%3D1209600%2C%20immutable&rscd=attachment%3B%20filename%3Dcircle%2520logo.png&sig=uWzfWOVMeiQFanHmBn5O0YLwLx7HuIxHWSCNSo1Qsfc%3D"
"2024-04-11",7,"Research & Analysis","Find, evaluate, interpret, and visualize information",4,"Wolfram","Access computation, math, curated knowledge & real-time data from Wolfram|Alpha and Wolfram Language; from the makers of Mathematica.","By gpt.wolfram.com","https://files.oaiusercontent.com/file-fGE6EGZCQY73C76MJantfE0d?se=2123-11-20T15%3A51%3A47Z&sp=r&sv=2021-08-06&sr=b&rscc=max-age%3D1209600%2C%20immutable&rscd=attachment%3B%20filename%3DWolfram.png&sig=2QEsZQ5Kxa7XqcJ0uhOOHZMx0qjAhuN2H%2BsZR5p2GXo%3D"
"2024-04-11",7,"Research & Analysis","Find, evaluate, interpret, and visualize information",5,"AskYourPDF Research Assistant","Free Chat Unlimited PDFs, Access 400M+ Papers (PubMed, Nature, Arxiv, etc),  Analyse PDF (Unlimited PDFs), Generate articles/essays with valid citations, ChatPDF,  Analyse and generate references for  papers, create and interact with a knowledge base of your files and much more using AskYourPDF.","By askyourpdf.com","https://files.oaiusercontent.com/file-DA3Ydcqttrv1tYcjGUv9Nv3Q?se=2123-12-21T07%3A50%3A47Z&sp=r&sv=2021-08-06&sr=b&rscc=max-age%3D1209600%2C%20immutable&rscd=attachment%3B%20filename%3Daypp_logo.png&sig=YesTZBWDISzB1veZ2kJr2U74q71MmcP%2B0VHpsf4UvFo%3D"
"2024-04-11",7,"Research & Analysis","Find, evaluate, interpret, and visualize information",6,"Finance Wizard","I predict future stock market prices. AI analyst. Your trading analysis assistant. Press H to bring up prompt hot key menu. Not financial advice.","By titantrades.com","https://files.oaiusercontent.com/file-ZI3wtnYtMQXZvmKZZsxL6raP?se=2123-10-23T07%3A04%3A36Z&sp=r&sv=2021-08-06&sr=b&rscc=max-age%3D31536000%2C%20immutable&rscd=attachment%3B%20filename%3DDALL%25C2%25B7E%25202023-11-15%252023.00.51%2520-%2520A%2520digital%2520illustration%2520of%2520a%2520wizard%2520in%2520a%2520vibrant%252C%2520richly%2520decorated%2520robe%2520adorned%2520with%2520astrological%2520symbols.%2520He%2520is%2520levitating%252C%2520with%2520a%2520mystical%2520orb%2520projec.png&sig=%2BRFcLxRAzOp%2B/DU%2B5%2BAhrJDqf/1aHIP6Qn78CKCg%2BH8%3D"
"2024-04-11",7,"Research & Analysis","Find, evaluate, interpret, and visualize information",7,"Web Browser","I can browse the web to help you find information.","By pixelsbrand.com","https://files.oaiusercontent.com/file-Hbd6UTA41GFAqPHFP9NxcyYl?se=2123-12-13T01%3A19%3A25Z&sp=r&sv=2021-08-06&sr=b&rscc=max-age%3D1209600%2C%20immutable&rscd=attachment%3B%20filename%3DDALL%25C2%25B7E%25202024-01-06%252001.18.07%2520-%2520A%2520logo%2520for%2520a%2520GPT%2520that%2520browses%2520the%2520web%252C%2520inspired%2520by%2520web%2520browser%2520designs.%2520The%2520logo%2520should%2520combine%2520elements%2520commonly%2520associated%2520with%2520web%2520browsers%2520such%2520as.png&sig=qfeMYOEqUA5vekSGmF/kNBxLZzwKPzB7NdPhFaswZ74%3D"
"2024-04-11",7,"Research & Analysis","Find, evaluate, interpret, and visualize information",8,"SciSpace","Do hours worth of research in minutes. Instantly access 200M+ papers, analyze papers at lightning speed, and effortlessly draft content with accurate citations.","By community builder","https://files.oaiusercontent.com/file-c21dHgCzbVdnCvJ7a0JfsHAp?se=2123-12-31T12%3A47%3A40Z&sp=r&sv=2021-08-06&sr=b&rscc=max-age%3D1209600%2C%20immutable&rscd=attachment%3B%20filename%3DSciSpace-logoV%2521.png&sig=QEIzAFeekXOiJzFOPqKC4Ceu8%2BspwsRduav%2BuygqdU0%3D"
"2024-04-11",7,"Research & Analysis","Find, evaluate, interpret, and visualize information",9,"MARKETING","Your expert mentor in advertising >> Guiding Media Professionals working at the Big 6 agencies.","By Vidal Nicolas","https://files.oaiusercontent.com/file-m4GlwY1VIc3ADwoMP9KlAZta?se=2123-12-12T03%3A34%3A34Z&sp=r&sv=2021-08-06&sr=b&rscc=max-age%3D1209600%2C%20immutable&rscd=attachment%3B%20filename%3D1a3ca873-e932-4dda-af7b-c1f8e5a0b35f.png&sig=DrTNZCq5RNevq/DGskuy7NOXJR5K%2BLGs4I93F8Lny8A%3D"
"2024-04-11",7,"Research & Analysis","Find, evaluate, interpret, and visualize information",10,"PDF Reader","In-depth interaction with PDF content","By webcafesoftware.com","https://files.oaiusercontent.com/file-o6TIxzq2lzfwDsvhZsiVdlAI?se=2123-10-16T01%3A58%3A42Z&sp=r&sv=2021-08-06&sr=b&rscc=max-age%3D31536000%2C%20immutable&rscd=attachment%3B%20filename%3D76fba5da-28b0-473d-9293-12209d2cd23a.png&sig=6m0ckhpMy9jS0f%2BvWplBX2As5LVjDEj1Ve4x7pelws4%3D"
"2024-04-11",7,"Research & Analysis","Find, evaluate, interpret, and visualize information",11,"Diagram & Data: Research, Analyze, Visualize","Complex Visualizations (Diagrams + Charts), Data Analysis & Reseach. For Coders: Visualize Databases, UserFlows, ERD, PlantUML and More. For business & data analysis: Mindmaps, Flowcharts and more.","By maxim dubovitsky","https://files.oaiusercontent.com/file-Fr9BKvMrMztBIsyKuFUPSBCV?se=2124-03-11T00%3A23%3A52Z&sp=r&sv=2021-08-06&sr=b&rscc=max-age%3D1209600%2C%20immutable&rscd=attachment%3B%20filename%3D231324123.jpg&sig=aQpr3kEM9fYxs6%2BIEW8Z1IQy1YlegUmx4Jasipzifgo%3D"
"2024-04-11",7,"Research & Analysis","Find, evaluate, interpret, and visualize information",12,"PDF Insight","I provide insights and summaries of PDF documents uploaded by users.","By mjproductions.tech","https://files.oaiusercontent.com/file-4IyR0QcEidgzHaOtqyfTJoq8?se=2123-10-24T12%3A09%3A26Z&sp=r&sv=2021-08-06&sr=b&rscc=max-age%3D31536000%2C%20immutable&rscd=attachment%3B%20filename%3D4cacc427-acab-4f9c-9da2-e7fc8d533939.png&sig=bqQ/vVgJqrsuyj%2BNm2H9Gwp3isevguTlQ7p4ZCoVNTw%3D"
"2024-04-11",8,"Programming","Write code, debug, test, and learn",1,"Code Copilot","Code Smarter, Build Faster‚ÄîWith the Expertise of a 10x Programmer by Your Side.","By promptspellsmith.com","https://files.oaiusercontent.com/file-A1fyzei74duvIafmxdcfJzQY?se=2124-03-18T05%3A58%3A43Z&sp=r&sv=2021-08-06&sr=b&rscc=max-age%3D1209600%2C%20immutable&rscd=attachment%3B%20filename%3Dlogo.png&sig=sr5Bllcrma%2Bo1h/C26JvnRL8%2B5TLt7xJefmqhUHwb6A%3D"
"2024-04-11",8,"Programming","Write code, debug, test, and learn",2,"Python","A highly sophisticated GPT tailored for advanced Python programmers focusing on efficient and high-quality production code.","By Nicholas Barker","https://files.oaiusercontent.com/file-ld53W1TkNJMYK6RyyFboObSW?se=2124-03-13T16%3A35%3A34Z&sp=r&sv=2021-08-06&sr=b&rscc=max-age%3D1209600%2C%20immutable&rscd=attachment%3B%20filename%3D188g7b2m.png&sig=k9Kl7I6av3bDNiu9Z0v0YrYCyvTAJBUrtu7GklMrG0w%3D"
"2024-04-11",8,"Programming","Write code, debug, test, and learn",3,"Grimoire","Coding Wizardüßô‚Äç‚ôÇÔ∏è  Learn to Prompt-gram! 20+ Hotkeys for coding flows. Create a website with a sentence. 75 starter projects to learn prompt-1st code & art. Build anything! Ask any question or upload a photo. Type K for cmd menu, P for Projects, R for README v2.4‚ú®üìú GPTavern","By gptavern.mindgoblinstudios.com","https://files.oaiusercontent.com/file-0iw1nJRFDLfuXLJy3SHURMiE?se=2123-12-26T23%3A31%3A22Z&sp=r&sv=2021-08-06&sr=b&rscc=max-age%3D1209600%2C%20immutable&rscd=attachment%3B%20filename%3DCherished%2520Member.png&sig=vlX1mXOxWn/p7qK07bDbFcK6D1fOdSrvdPnK4h7VOT8%3D"
"2024-04-11",8,"Programming","Write code, debug, test, and learn",4,"Software Architect GPT","Builds new software architecture documents by understanding user requirements and design constraints","By V B Wickramasinghe","https://files.oaiusercontent.com/file-DscTRFvldE1BRWMUeSVs9sqz?se=2124-02-02T14%3A56%3A02Z&sp=r&sv=2021-08-06&sr=b&rscc=max-age%3D1209600%2C%20immutable&rscd=attachment%3B%20filename%3D6073fcf8-e1c7-4b38-8dce-465b566f9b77.png&sig=0539jhMt0Xoty2vHDeThd5rofCOPJpuMI1fPRGmpECs%3D"
"2024-04-11",8,"Programming","Write code, debug, test, and learn",5,"code: python java html sql javascript react web c","The worlds most powerful coding assistant and website generator.","By pulsr.co.uk","https://files.oaiusercontent.com/file-QUW7rxGkEbNNhKwmureOhDlT?se=2124-02-06T18%3A48%3A53Z&sp=r&sv=2021-08-06&sr=b&rscc=max-age%3D1209600%2C%20immutable&rscd=attachment%3B%20filename%3DDALL%25C2%25B7E%25202024-01-10%252000.07.14%2520-%2520An%2520abstract%2520and%2520minimalistic%2520depiction%2520of%2520an%2520intelligent%2520space%2520being%252C%2520using%2520a%2520limited%2520form%2520to%2520suggest%2520a%2520hooded%2520figure.%2520The%2520design%2520is%2520sparse%2520and%2520opulen.png&sig=604kvrPpWdqNQwIa89v0sfQKlWg2ymHNaLXt7J36%2Be0%3D"
"2024-04-11",8,"Programming","Write code, debug, test, and learn",6,"DesignerGPT","Creates and hosts beautiful websites, seamlessly integrating DALL¬∑E-generated images. Sends the website to Replit for further refining and personal domain. Your all-in-one AI solution for web development.","By Pietro Schirano","https://files.oaiusercontent.com/file-x4outSHGhQh7YW6b8fqDK26y?se=2123-10-17T05%3A48%3A06Z&sp=r&sv=2021-08-06&sr=b&rscc=max-age%3D31536000%2C%20immutable&rscd=attachment%3B%20filename%3Decd882e5-15b7-4dba-8198-94a8849974f9.png&sig=DAm8CnFD1K9kaX%2BVe6AFBl1Yje0t1MGJKrm/tT4YTFc%3D"
"2024-04-11",8,"Programming","Write code, debug, test, and learn",7,"SQL Expert","SQL expert for optimization and queries.","By Dmitry Khanukov","No image URL"
"2024-04-11",8,"Programming","Write code, debug, test, and learn",8,"Website Generator","A user-friendly GPT for website creation with coding and DALL-E 3 examples.","By websitegenerator.b12.io","https://files.oaiusercontent.com/file-DpOsgJCyQmWJBfLG28XZd4dF?se=2123-10-29T19%3A16%3A24Z&sp=r&sv=2021-08-06&sr=b&rscc=max-age%3D31536000%2C%20immutable&rscd=attachment%3B%20filename%3D7e3930ef-1664-4325-a510-4fe14dc0b780.png&sig=yScnIo2s5bLFNVRP66I510w2a0vIp%2BMU8QeZw3oUnHY%3D"
"2024-04-11",8,"Programming","Write code, debug, test, and learn",9,"AskTheCode","Provide a GitHub repository URL and ask about any aspect of the code.","By Denys Somok","https://files.oaiusercontent.com/file-aWCgLB79dBX0EDbdex69ke2u?se=2123-10-13T22%3A19%3A16Z&sp=r&sv=2021-08-06&sr=b&rscc=max-age%3D31536000%2C%20immutable&rscd=attachment%3B%20filename%3Dlogo.jpg&sig=CNuXkZEhlT4xOvQLD1Ck8DVuHBAFElHoABiE1WuyX1U%3D"
"2024-04-11",8,"Programming","Write code, debug, test, and learn",10,"R Wizard","An expert in R programming, adept in Data Science, Statistics, and Finance, offering precise and helpful guidance.","By Macroasset Srls","https://files.oaiusercontent.com/file-OOEUVVaJCiZucRgYBk0rMfRE?se=2123-12-10T19%3A02%3A07Z&sp=r&sv=2021-08-06&sr=b&rscc=max-age%3D1209600%2C%20immutable&rscd=attachment%3B%20filename%3D54f710a6-533e-4c42-8e9d-0146169432a3.png&sig=ZqXaZ69BjSVowG66YH3NS5WPHuLf32GcfOxzyj%2BzQAI%3D"
"2024-04-11",8,"Programming","Write code, debug, test, and learn",11,"AutoExpert (Dev)","AutoExpert v6 (GPT Developer Edition) is your steadfast pair programmer, armed with enhanced code generation ability, online access for the latest APIs, and custom commands to save your session state so you can recall it in a new session later. /help will tell you all about it. Say ""Hello"" to start!","By Dustin Miller","https://files.oaiusercontent.com/file-eLFrNX9FaFZ2c2utPPLBfxKv?se=2123-10-20T20%3A05%3A54Z&sp=r&sv=2021-08-06&sr=b&rscc=max-age%3D31536000%2C%20immutable&rscd=attachment%3B%20filename%3DAutoExpertDev.jpg&sig=l6nI5Vev4Xg7ghEU7xeA4caih7rFbOjR1NDu/cEDxAU%3D"
"2024-04-11",8,"Programming","Write code, debug, test, and learn",12,"CrewAI Assistant","CrewAI expert","By JOAO M DURAES MOURA","https://files.oaiusercontent.com/file-NZbU15LvF7fOHVqNCMadAbVe?se=2124-02-23T16%3A01%3A41Z&sp=r&sv=2021-08-06&sr=b&rscc=max-age%3D1209600%2C%20immutable&rscd=attachment%3B%20filename%3Dc_only.png&sig=UrvUk3sjPm0pt9p4nqVlvpa0NsfoWulXw1Tm7CPiqtI%3D"
"2024-04-11",9,"Education","Explore new ideas, revisit existing skills",1,"math","The worlds most powerful math tool.","By pulsr.co.uk","https://files.oaiusercontent.com/file-Yfha57T7F38FgiPyfAoMh5LY?se=2124-02-06T02%3A35%3A58Z&sp=r&sv=2021-08-06&sr=b&rscc=max-age%3D1209600%2C%20immutable&rscd=attachment%3B%20filename%3Dgpt11.png&sig=VGYkuNCr4260k6sWG5qy7gcgMnYNpHMNyAZ6MESt7OI%3D"
"2024-04-11",9,"Education","Explore new ideas, revisit existing skills",2,"Universal Primer","The fastest way to learn anything.","By runway.com","https://files.oaiusercontent.com/file-thqJUpDWcYAMxgKhiwNYZFj0?se=2123-10-17T10%3A02%3A59Z&sp=r&sv=2021-08-06&sr=b&rscc=max-age%3D31536000%2C%20immutable&rscd=attachment%3B%20filename%3D1fb91f30-1519-4f62-81f7-e141fa19f099.png&sig=UljckMV40AarnEvasy2Z2yiDGjVV1UFD/e0dtZkyETI%3D"
"2024-04-11",9,"Education","Explore new ideas, revisit existing skills",3,"Math Solver","Your advanced math solver and AI Tutor, offers step-by-step answers, and helps you learn math and even all subjects, at any educational level.","By studyx.ai","https://files.oaiusercontent.com/file-tSZCMmjyqOBMHOnHPUxKQH8t?se=2123-10-21T09%3A02%3A36Z&sp=r&sv=2021-08-06&sr=b&rscc=max-age%3D31536000%2C%20immutable&rscd=attachment%3B%20filename%3D7e1dfc13-782c-4d41-843f-6908894cf8d7.png&sig=8FWfLPP5oiPa515w7A4jjhjs9qYqy2kgAdjmTWuHCuI%3D"
"2024-04-11",9,"Education","Explore new ideas, revisit existing skills",4,"Tutor Me","Your personal AI tutor by Khan Academy! I'm Khanmigo Lite - here to help you with math, science, and  humanities questions. I won‚Äôt do your work for you, but I will help you learn how to solve them on your own.  Can you tell me the problem or exercise you‚Äôd like to solve?","By khanacademy.org","https://files.oaiusercontent.com/file-kM163oDkrVnm7jsidA5WweOP?se=2123-11-18T17%3A08%3A03Z&sp=r&sv=2021-08-06&sr=b&rscc=max-age%3D1209600%2C%20immutable&rscd=attachment%3B%20filename%3DKA_KhanmigoGPT_1_LearnerActivities.png&sig=zSZKBHM7UsdkEyM2CmiYpkdhVAJZWk0qJQle9lPEhdw%3D"
"2024-04-11",9,"Education","Explore new ideas, revisit existing skills",5,"Voxscript","Quick YouTube, US equity data, and web page summarization with vector transcript search -- no logins needed.","By Allwire Technologies, LLC","https://files.oaiusercontent.com/file-ccghiJe5RWLLuLXhKPl3XugL?se=2123-10-19T06%3A52%3A32Z&sp=r&sv=2021-08-06&sr=b&rscc=max-age%3D31536000%2C%20immutable&rscd=attachment%3B%20filename%3DVoxScript_logo_256x256.png&sig=gRuPppNbvJt3M3CMsjE8HiXRLm254zQxMCt5RRq%2BN3k%3D"
"2024-04-11",9,"Education","Explore new ideas, revisit existing skills",6,"physics","Physics Oracle, The worlds most powerful Physics tool V2.3","By pulsr.co.uk","https://files.oaiusercontent.com/file-y63yTOkdpenBzpCZ95QJEhTp?se=2124-02-06T18%3A03%3A23Z&sp=r&sv=2021-08-06&sr=b&rscc=max-age%3D1209600%2C%20immutable&rscd=attachment%3B%20filename%3Deye23.png&sig=ehZ7Q4w%2BJqv7IZth1KKdvYusT3XRG2IQJe/if2G1AgU%3D"
"2024-04-11",9,"Education","Explore new ideas, revisit existing skills",7,"Data Analytics","A how-to guide for data analytics (based on Luke Barousse's 'ChatGPT for Data Analytics' course)","By Luke T Barousse","https://files.oaiusercontent.com/file-He8aE3rg7ee66ASSS0HJFTVQ?se=2123-10-19T23%3A24%3A15Z&sp=r&sv=2021-08-06&sr=b&rscc=max-age%3D31536000%2C%20immutable&rscd=attachment%3B%20filename%3D47823d3d-4745-4773-a232-5569024ce68b.png&sig=CS2otWO2RpLlVeyvilTv%2BGXj2yBu7fjHIEyLaDxY6yY%3D"
"2024-04-11",9,"Education","Explore new ideas, revisit existing skills",8,"Prompt Professor","I know everything about Prompt Engineering. What do you want to know about prompt?","By community builder","https://files.oaiusercontent.com/file-MsXTgHdeT8NqXvoz3yFp1DsA?se=2123-10-16T03%3A42%3A03Z&sp=r&sv=2021-08-06&sr=b&rscc=max-age%3D31536000%2C%20immutable&rscd=attachment%3B%20filename%3D76811343-01fe-4316-b18f-12ed04c3af99.png&sig=OOcasgdAq%2BCscJ7raZMCDdYCZb00lsUNcOl%2BnNzEAY8%3D"
"2024-04-11",9,"Education","Explore new ideas, revisit existing skills",9,"Machine Learning","A machine learning, deep learning, and data science assistant for learning, practicing, and developing algorithms.","By Maryam Eskandari","https://files.oaiusercontent.com/file-79w3XiRGkbTiECoVNmkLzcKV?se=2123-10-24T07%3A23%3A14Z&sp=r&sv=2021-08-06&sr=b&rscc=max-age%3D31536000%2C%20immutable&rscd=attachment%3B%20filename%3Da706c100-ff7e-48d7-8483-35754c66f8cd.png&sig=3aiA9n2Euf1Ri4dVkc2GF3GHBOqDb/oHQ9XHK0OyKys%3D"
"2024-04-11",9,"Education","Explore new ideas, revisit existing skills",10,"Question Maker","Creates a range of academic questions from PDFs.","By Gshetty","https://files.oaiusercontent.com/file-lNzfJYyrT8WXKZWAc9quUKeQ?se=2124-02-04T14%3A45%3A26Z&sp=r&sv=2021-08-06&sr=b&rscc=max-age%3D1209600%2C%20immutable&rscd=attachment%3B%20filename%3D8e6a1ace-8513-474b-b736-6bc025f828f7.png&sig=8aHDPGVUQtpTWLgVLCDa8k%2BJeTp75V0fJTourhwfL%2Bs%3D"
"2024-04-11",9,"Education","Explore new ideas, revisit existing skills",11,"Crypto","Crypto News Realtime: Insights & Trends Unveiled. Explore the crypto universe with precise analysis.","By Sora","https://files.oaiusercontent.com/file-aHbdoyxH91vY3CspJgZEXcmM?se=2124-02-15T15%3A53%3A04Z&sp=r&sv=2021-08-06&sr=b&rscc=max-age%3D1209600%2C%20immutable&rscd=attachment%3B%20filename%3Dc.png&sig=EGsP2YMhGnA%2B4h2rc2DdMHqWHBwaZkkWKDm85aGHBKk%3D"
"2024-04-11",9,"Education","Explore new ideas, revisit existing skills",12,"Chemistry Chem","üî¥#ùüè ùêèùêûùê´ùê¨ùê®ùêßùêöùê•ùê¢ùê≥ùêûùêù ùêÇùê°ùêûùê¶ùê¢ùê¨ùê≠ùê´ùê≤ ùêìùêÆùê≠ùê®ùê´üî¥","By smartprompt.xyz","https://files.oaiusercontent.com/file-fsVdhFibGwesb7vT5tYSF7ka?se=2124-02-06T19%3A59%3A08Z&sp=r&sv=2021-08-06&sr=b&rscc=max-age%3D1209600%2C%20immutable&rscd=attachment%3B%20filename%3Dlaboratory-flask-design-template-2ca7df05b1154ceb71cfb34dd2817ea6_screen.jpg&sig=QyKJDG%2BxNkQqovabgqJRyeSgdDg5eN3NEu08xyJy/FI%3D"
"2024-04-11",10,"Lifestyle","Get tips on travel, workouts, style, food, and more",1,"Astrology Birth Chart GPT","Expert astrologer GPT that needs your birth info to answer queries.","By Dalexa Limited","https://files.oaiusercontent.com/file-OnurXUsvFsbNrxjaOpc5OpzH?se=2123-10-18T00%3A30%3A30Z&sp=r&sv=2021-08-06&sr=b&rscc=max-age%3D31536000%2C%20immutable&rscd=attachment%3B%20filename%3Dauthority-astrology-hero-image.png&sig=iyJ77YH%2BPLJxbVDisqIBji06MIpyvHHx8MRLxrppTZ4%3D"
"2024-04-11",10,"Lifestyle","Get tips on travel, workouts, style, food, and more",2,"Travel Guide","Expert on global travel destinations, trip planning, budget building, and exploring the world! Press T for Travel Menu.","By capchair.com","https://files.oaiusercontent.com/file-uPadZwNiuUm9JGclfBexETJ0?se=2123-12-28T05%3A52%3A00Z&sp=r&sv=2021-08-06&sr=b&rscc=max-age%3D1209600%2C%20immutable&rscd=attachment%3B%20filename%3D878bdaa1-3bcf-443b-81ff-18c484905c6d.png&sig=UruNoc%2BYtztbAdXCHxqHnmO4peE5pkTipq09aS81ZxI%3D"
"2024-04-11",10,"Lifestyle","Get tips on travel, workouts, style, food, and more",3,"KAYAK - Flights, Hotels & Cars","Your travel planning assistant for flights, hotels, & cars","By kayak.com","https://files.oaiusercontent.com/file-SB3uThCh1QuhmqNoQ4OjHxLd?se=2123-10-16T20%3A27%3A07Z&sp=r&sv=2021-08-06&sr=b&rscc=max-age%3D31536000%2C%20immutable&rscd=attachment%3B%20filename%3Dkayak-mark-1024.png&sig=DI34ROkQUJFbNlh2KS%2BWY6w0DibnYtU%2BOfofYGu/6c4%3D"
"2024-04-11",10,"Lifestyle","Get tips on travel, workouts, style, food, and more",4,"Rizz GPT","Your go-to dating message expert, ready to boost your charm!","By 6hive.ee","https://files.oaiusercontent.com/file-aRE9jnf3GMcAlmCoVxcynTfw?se=2124-01-30T11%3A46%3A23Z&sp=r&sv=2021-08-06&sr=b&rscc=max-age%3D1209600%2C%20immutable&rscd=attachment%3B%20filename%3D5cae2fbf-d860-4b1f-96be-c7d8920585a4.png&sig=PxFJ9YYxRXtdj055bt%2BwB3EzIe0Gx0hH8rK/d69CRbU%3D"
"2024-04-11",10,"Lifestyle","Get tips on travel, workouts, style, food, and more",5,"Personal Color Analysis","Personal color analyst helping you find your best colors","By Lana Aljuaid","https://files.oaiusercontent.com/file-oyHQXVI87NFrj3PyI8LPsdsh?se=2123-12-27T03%3A16%3A24Z&sp=r&sv=2021-08-06&sr=b&rscc=max-age%3D1209600%2C%20immutable&rscd=attachment%3B%20filename%3Da90c6c16-7b1b-46b1-9676-d600f829bf00.png&sig=rhFmtX15DcO96/wHh9R6XoLBFkXNfUiBWk4V2FN7xr4%3D"
"2024-04-11",10,"Lifestyle","Get tips on travel, workouts, style, food, and more",6,"Murder Mystery Mayhem","Solve procedurally generated murder cases as a 1925's detective in this murder mystery game.","By aimediadesign.net","https://files.oaiusercontent.com/file-Nau6PuKNOq9yGBmlmquuDm67?se=2123-10-27T15%3A51%3A42Z&sp=r&sv=2021-08-06&sr=b&rscc=max-age%3D31536000%2C%20immutable&rscd=attachment%3B%20filename%3DTheDetective.png&sig=qPONgkuyJ9dzht5xlALFLRsUdGIjcEu0H5Aofj9Wfpc%3D"
"2024-04-11",10,"Lifestyle","Get tips on travel, workouts, style, food, and more",7,"Books","Your AI guide in the world of literature and reading.","By Josh Brent N. Villocido","https://files.oaiusercontent.com/file-xgURwSlsrwE8Q0eGlNednv0c?se=2123-12-31T23%3A41%3A17Z&sp=r&sv=2021-08-06&sr=b&rscc=max-age%3D1209600%2C%20immutable&rscd=attachment%3B%20filename%3D4c345735-7a64-490e-8b30-547e99179964%2520%25281%2529.png&sig=hymSgepPRjJB4fzT9JEmRpGxJ77bq/56NgPtxnKVBwY%3D"
"2024-04-11",10,"Lifestyle","Get tips on travel, workouts, style, food, and more",8,"AutoExpert (Chat)","Tired of lightweight answers? I am the ideal GPT for the curious human that always wants to learn more. I'll impanel a dynamic group of experts to answer, debate, and drill into any question or topic. Type /help for more info on my capabilities.","By Dustin Miller","https://files.oaiusercontent.com/file-TrkgIAh1oJE0dBo8tKRa7WmU?se=2123-10-20T20%3A05%3A32Z&sp=r&sv=2021-08-06&sr=b&rscc=max-age%3D31536000%2C%20immutable&rscd=attachment%3B%20filename%3DAutoExpertChat.jpg&sig=wn9X5jz%2B0UiDIUcR%2B4aQc0cepC9Cq9QrieZ8Qh7pqkw%3D"
"2024-04-11",10,"Lifestyle","Get tips on travel, workouts, style, food, and more",9,"DeepGame","Play any story as a character. You decide what to do next.","By Utile Labs","https://files.oaiusercontent.com/file-RFkKDCjUOzZi8m7FDDEDUZyU?se=2123-10-18T08%3A48%3A37Z&sp=r&sv=2021-08-06&sr=b&rscc=max-age%3D31536000%2C%20immutable&rscd=attachment%3B%20filename%3Dvirtual%2520machine.png&sig=CE0AuyWZuFIpZ4w5wG8xarJGPTIpuqCbHOn2EBK3JHw%3D"
"2024-04-11",10,"Lifestyle","Get tips on travel, workouts, style, food, and more",10,"Song Maker","Create music using musical theory. Discover essential songwriting tips to compose music and create songs. This GPT can produce chord progressions, musical notes, song lyrics, soundtracks and album covers.","By @CustomizedGPTs","https://files.oaiusercontent.com/file-bnNFvfzKTMkXPTWVl7cNwYJn?se=2124-01-21T23%3A52%3A58Z&sp=r&sv=2021-08-06&sr=b&rscc=max-age%3D1209600%2C%20immutable&rscd=attachment%3B%20filename%3Dlogo%2520750.jpg&sig=r0WT0BMo61YCPIR7j8kTe4ebhzyN2dYIuluuZxSgWJE%3D"
"2024-04-11",10,"Lifestyle","Get tips on travel, workouts, style, food, and more",11,"Game hub","Games, experiences and more!  (formally the button)","By pulsr.co.uk","https://files.oaiusercontent.com/file-bX3I34AhSmIQaOHr0VMF6WI8?se=2124-02-26T23%3A29%3A56Z&sp=r&sv=2021-08-06&sr=b&rscc=max-age%3D1209600%2C%20immutable&rscd=attachment%3B%20filename%3DDALL%25C2%25B7E%25202024-03-21%252023.29.48%2520-%2520Intensify%2520the%2520bright%2520blue%2520hues%2520of%2520the%2520video%2520game%2520controller%2520while%2520ensuring%2520the%2520background%2520remains%2520deep%2520black%252C%2520to%2520create%2520a%2520striking%2520contrast.%2520The%2520contr.webp&sig=3/Pg3Me9%2BQS7cvhpj9o5xG/l4NF5SsEzaa%2BJlm4F1fc%3D"
"2024-04-11",10,"Lifestyle","Get tips on travel, workouts, style, food, and more",12,"Fitness & Workout - PhD Coach","Get turn-key scientific fitness and workout guidance plus advanced nutritional insights. Trained on 205,750 PhD-level empirical data points. v2.87","By Newgen PhD","https://files.oaiusercontent.com/file-niXM08fYBrzMISp2MvGYRZ35?se=2123-12-29T23%3A59%3A00Z&sp=r&sv=2021-08-06&sr=b&rscc=max-age%3D1209600%2C%20immutable&rscd=attachment%3B%20filename%3DPhd-Workout-Nutrition-Coach-Logo.png&sig=tkK7DY8kmSC%2BwvuW/hNPuoMjPlDBi0W7ToMTHznqytc%3D"
